Workbook
Name Slicer_Month: #N/A

Sheet SLA_Forecasting_Data
A1: Month | B1: Process | C1: Tickets_Received | D1: Tickets_Resolved | E1: SLA_Target | F1: SLA_Achieved | G1: Backlog | H1: SLA Achievement
A2: Jan | B2: Support | C2: 801 | D2: 626 | E2: 95 | F2: 96.34 | G2: =Table1[[#This Row],[Tickets_Received]]-Table1[[#This Row],[Tickets_Resolved]] -> 175 | H2: =Table1[[#This Row],[SLA_Achieved]]/Table1[[#This Row],[SLA_Target]] -> 1.0141053
A3: Jan | B3: Sales | C3: 1456 | D3: 1098 | E3: 95 | F3: 93.42 | G3: =Table1[[#This Row],[Tickets_Received]]-Table1[[#This Row],[Tickets_Resolved]] -> 358 | H3: =Table1[[#This Row],[SLA_Achieved]]/Table1[[#This Row],[SLA_Target]] -> 0.98336842
A4: Jan | B4: Operations | C4: 902 | D4: 883 | E4: 95 | F4: 99.81 | G4: =Table1[[#This Row],[Tickets_Received]]-Table1[[#This Row],[Tickets_Resolved]] -> 19 | H4: =Table1[[#This Row],[SLA_Achieved]]/Table1[[#This Row],[SLA_Target]] -> 1.0506316
A5: Jan | B5: Finance | C5: 844 | D5: 702 | E5: 95 | F5: 90.82 | G5: =Table1[[#This Row],[Tickets_Received]]-Table1[[#This Row],[Tickets_Resolved]] -> 142 | H5: =Table1[[#This Row],[SLA_Achieved]]/Table1[[#This Row],[SLA_Target]] -> 0.956
A6: Feb | B6: Support | C6: 950 | D6: 929 | E6: 95 | F6: 99.53 | G6: =Table1[[#This Row],[Tickets_Received]]-Table1[[#This Row],[Tickets_Resolved]] -> 21 | H6: =Table1[[#This Row],[SLA_Achieved]]/Table1[[#This Row],[SLA_Target]] -> 1.0476842
A7: Feb | B7: Sales | C7: 1484 | D7: 1346 | E7: 95 | F7: 89.13 | G7: =Table1[[#This Row],[Tickets_Received]]-Table1[[#This Row],[Tickets_Resolved]] -> 138 | H7: =Table1[[#This Row],[SLA_Achieved]]/Table1[[#This Row],[SLA_Target]] -> 0.93821053
A8: Feb | B8: Operations | C8: 1021 | D8: 850 | E8: 95 | F8: 98.89 | G8: =Table1[[#This Row],[Tickets_Received]]-Table1[[#This Row],[Tickets_Resolved]] -> 171 | H8: =Table1[[#This Row],[SLA_Achieved]]/Table1[[#This Row],[SLA_Target]] -> 1.0409474
A9: Feb | B9: Finance | C9: 1117 | D9: 1011 | E9: 95 | F9: 98.18 | G9: =Table1[[#This Row],[Tickets_Received]]-Table1[[#This Row],[Tickets_Resolved]] -> 106 | H9: =Table1[[#This Row],[SLA_Achieved]]/Table1[[#This Row],[SLA_Target]] -> 1.0334737
A10: Mar | B10: Support | C10: 999 | D10: 885 | E10: 95 | F10: 97.75 | G10: =Table1[[#This Row],[Tickets_Received]]-Table1[[#This Row],[Tickets_Resolved]] -> 114 | H10: =Table1[[#This Row],[SLA_Achieved]]/Table1[[#This Row],[SLA_Target]] -> 1.0289474
A11: Mar | B11: Sales | C11: 1119 | D11: 895 | E11: 95 | F11: 92.48 | G11: =Table1[[#This Row],[Tickets_Received]]-Table1[[#This Row],[Tickets_Resolved]] -> 224 | H11: =Table1[[#This Row],[SLA_Achieved]]/Table1[[#This Row],[SLA_Target]] -> 0.97347368
A12: Mar | B12: Operations | C12: 1363 | D12: 1247 | E12: 95 | F12: 91.02 | G12: =Table1[[#This Row],[Tickets_Received]]-Table1[[#This Row],[Tickets_Resolved]] -> 116 | H12: =Table1[[#This Row],[SLA_Achieved]]/Table1[[#This Row],[SLA_Target]] -> 0.95810526
A13: Mar | B13: Finance | C13: 940 | D13: 824 | E13: 95 | F13: 85.38 | G13: =Table1[[#This Row],[Tickets_Received]]-Table1[[#This Row],[Tickets_Resolved]] -> 116 | H13: =Table1[[#This Row],[SLA_Achieved]]/Table1[[#This Row],[SLA_Target]] -> 0.89873684
... A49: Dec | B49: Finance | C49: 1441 | D49: 1121 | E49: 95 | F49: 94.74 | G49: =Table1[[#This Row],[Tickets_Received]]-Table1[[#This Row],[Tickets_Resolved]] -> 320 | H49: =Table1[[#This Row],[SLA_Achieved]]/Table1[[#This Row],[SLA_Target]] -> 0.99726316

Sheet Pivot
A3: Row Labels | B3: Avg SLA_Achieved | F3: Row Labels | G3: Tickets Received | H3: Tickets Resolved
A4: Jan | B4: 95.0975 | F4: Jan | G4: 4003 | H4: 3309
A5: Feb | B5: 96.4325 | F5: Feb | G5: 4572 | H5: 4136
A6: Mar | B6: 91.6575 | F6: Mar | G6: 4421 | H6: 3851
A7: Apr | B7: 93.5975 | F7: Apr | G7: 4059 | H7: 3319
A8: May | B8: 92.9625 | F8: May | G8: 4248 | H8: 3860
A9: Jun | B9: 92.9175 | F9: Jun | G9: 5518 | H9: 4627
A10: Jul | B10: 88.8275 | F10: Jul | G10: 4280 | H10: 3942
A11: Aug | B11: 94.6125 | F11: Aug | G11: 4578 | H11: 3827
A12: Sep | B12: 88.92 | F12: Sep | G12: 4775 | H12: 4283
A13: Oct | B13: 90.77 | F13: Oct | G13: 4984 | H13: 4372
A14: Nov | B14: 90.9575 | F14: Nov | G14: 4134 | H14: 3529
A15: Dec | B15: 94.9875 | F15: Dec | G15: 4717 | H15: 3837
A16: Grand Total | B16: 92.645 | F16: Grand Total | G16: 54289 | H16: 46892
A23: Row Labels | B23: Avg SLA_Achieved
A24: Finance | B24: 91.485833
A25: Operations | B25: 93.644167
A26: Sales | B26: 92.98
A27: Support | B27: 92.47
A28: Grand Total | B28: 92.645

Sheet Sheet1

Sheet Forecasting
A1: Month No | B1: Month | C1: Tickets_Received | D1: Forecast
A2: 1 | B2: Jan | C2: =SUMIF(SLA_Forecasting_Data!A:A,Forecasting!B2,SLA_Forecasting_Data!C:C) -> 4003
A3: 2 | B3: Feb | C3: =SUMIF(SLA_Forecasting_Data!A:A,Forecasting!B3,SLA_Forecasting_Data!C:C) -> 4572
A4: 3 | B4: Mar | C4: =SUMIF(SLA_Forecasting_Data!A:A,Forecasting!B4,SLA_Forecasting_Data!C:C) -> 4421
A5: 4 | B5: Apr | C5: =SUMIF(SLA_Forecasting_Data!A:A,Forecasting!B5,SLA_Forecasting_Data!C:C) -> 4059
A6: 5 | B6: May | C6: =SUMIF(SLA_Forecasting_Data!A:A,Forecasting!B6,SLA_Forecasting_Data!C:C) -> 4248
A7: 6 | B7: Jun | C7: =SUMIF(SLA_Forecasting_Data!A:A,Forecasting!B7,SLA_Forecasting_Data!C:C) -> 5518
A8: 7 | B8: Jul | C8: =SUMIF(SLA_Forecasting_Data!A:A,Forecasting!B8,SLA_Forecasting_Data!C:C) -> 4280
A9: 8 | B9: Aug | C9: =SUMIF(SLA_Forecasting_Data!A:A,Forecasting!B9,SLA_Forecasting_Data!C:C) -> 4578
A10: 9 | B10: Sep | C10: =SUMIF(SLA_Forecasting_Data!A:A,Forecasting!B10,SLA_Forecasting_Data!C:C) -> 4775
A11: 10 | B11: Oct | C11: =SUMIF(SLA_Forecasting_Data!A:A,Forecasting!B11,SLA_Forecasting_Data!C:C) -> 4984
A12: 11 | B12: Nov | C12: =SUMIF(SLA_Forecasting_Data!A:A,Forecasting!B12,SLA_Forecasting_Data!C:C) -> 4134
A13: 12 | B13: Dec | C13: =SUMIF(SLA_Forecasting_Data!A:A,Forecasting!B13,SLA_Forecasting_Data!C:C) -> 4717
A14: 13 | B14: Next Jan | D14: =_xlfn.FORECAST.LINEAR(A14,Forecasting!$C$2:$C$13,Forecasting!$A$2:$A$13) -> 4778.2879
A15: 14 | B15: Next Feb | D15: =_xlfn.FORECAST.LINEAR(A15,Forecasting!$C$2:$C$13,Forecasting!$A$2:$A$13) -> 4817.3963
A16: 15 | B16: Next Mar | D16: =_xlfn.FORECAST.LINEAR(A16,Forecasting!$C$2:$C$13,Forecasting!$A$2:$A$13) -> 4856.5047
A17: 16 | B17: Next Apr | D17: =_xlfn.FORECAST.LINEAR(A17,Forecasting!$C$2:$C$13,Forecasting!$A$2:$A$13) -> 4895.6131
A18: 17 | B18: Next May | D18: =_xlfn.FORECAST.LINEAR(A18,Forecasting!$C$2:$C$13,Forecasting!$A$2:$A$13) -> 4934.7214
A19: 18 | B19: Next Jun | D19: =_xlfn.FORECAST.LINEAR(A19,Forecasting!$C$2:$C$13,Forecasting!$A$2:$A$13) -> 4973.8298
A20: 19 | B20: Next Jul | D20: =_xlfn.FORECAST.LINEAR(A20,Forecasting!$C$2:$C$13,Forecasting!$A$2:$A$13) -> 5012.9382
A21: 20 | B21: Next Aug | D21: =_xlfn.FORECAST.LINEAR(A21,Forecasting!$C$2:$C$13,Forecasting!$A$2:$A$13) -> 5052.0466
A22: 21 | B22: Next Sep | D22: =_xlfn.FORECAST.LINEAR(A22,Forecasting!$C$2:$C$13,Forecasting!$A$2:$A$13) -> 5091.155
A23: 22 | B23: Next Oct | D23: =_xlfn.FORECAST.LINEAR(A23,Forecasting!$C$2:$C$13,Forecasting!$A$2:$A$13) -> 5130.2634
A24: 23 | B24: Next Nov | D24: =_xlfn.FORECAST.LINEAR(A24,Forecasting!$C$2:$C$13,Forecasting!$A$2:$A$13) -> 5169.3718
A25: 24 | B25: Next Dec | D25: =_xlfn.FORECAST.LINEAR(A25,Forecasting!$C$2:$C$13,Forecasting!$A$2:$A$13) -> 5208.4802
